Sentence,Correct Sentence,T5 Base,Flan T5,BART,Gemini
The challenges of IoT security are growing as more devices becomes connected.,The challenges of IoT security are growing as more devices become connected.,The challenges of IoT security are growing as more devices become connected .,The challenges of IoT security are growing as more devices become connected.,The challenges of IoT are increasing as more devices are connected.,The challenges of IoT security are growing as more devices become connected.
Hacker pretended to be member of IT department to get password.,A Hacker pretended to be a member of IT department to get a password.,A hacker pretended to be a member of IT department to get a password .,The hacker pretended to be a member of the ITS department to get the password.,Hacker pretended to be member of the team to get the password.,Hackers pretended to be members of the IT department to get passwords.
Public WiFi dangers includes things like data theft and hacking.,Public WiFi dangers include things like data theft and hacking.,Public WiFi dangers include things like data theft and hacking .,Public wifi dangers include things like data theft and hacking.,The public wifi includes a lot of viruses and hackers.,Public WiFi dangers include things like data theft and hacking.
Stronger passwords creates difficulties for brute force attack to be successful.,Stronger passwords create difficulties for a brute force attack to be successful.,Stronger passwords create difficulties for brute force attacks to be successful .,Stronger passwords create difficulties for brute force attack to be successful.,Stronger passwords create difficulties for the brute force attack to be successful.,Stronger passwords create difficulties for brute force attacks to be successful.
Any new software installations on the network need to be approved by security staff.,Any new software installations on the network need to be approved by security staff.,Any new software installations on the network need to be approved by security staff .,Any new software installations on the network need to be approved by the security team.,Any new software installations on the network need to be approved by the security staff.,Any new software installations on the network need to be approved by security staff.
Hackers can easily set up malicious networks that appears to be legitimate.,Hackers can easily set up malicious networks that appear to be legitimate.,Hackers can easily set up malicious networks that appear to be legitimate .,Hackers can easily set up malicious networks that appear to be legitimate.,Hackers can easily set up malicious networks that appear to be legitimate.,Hackers can easily set up malicious networks that appear to be legitimate.
Personal Identity Verification cards are compliant to federal standards.,Personal Identity Verification cards are compliant with federal standards.,Personal Identity Verification cards are compliant to federal standards .,Personal Identity Verification cards are compatible with federal standards.,Personal identification cards are compliant with federal law., Personal Identity Verification cards are compliant with federal standards.
Users should make their passwords complex for avoiding brute force attack.,Users should make their passwords complex to avoid brute force attacks.,Users should make their passwords complex to avoid brute force attacks .,Users should make their passwords complex for avoiding brute force attack.,Users should make their passwords complex for avoiding a potential brute force attack.,Users should make their passwords complex to avoid brute force attacks.
Having updated antivirus software is one of key components of information systems security.,Having updated antivirus software is one of the key components of information systems security.,Having updated antivirus software is one of key components of information systems security .,Having up-to-date antivirus software is one of the key components of information systems security.,Having an updated antivirus software is one of the key components of a security system.,Having updated antivirus software is one of the key components of information systems security.
Each peoples in the team has to set a password that are hard to guess.,Each person in the team has to set a password that is hard to guess.,Each person in the team has to set a password that is hard to guess .,Each person in the team has to set a password that is hard to guess.,Each person in the team has to set up a password that is hard to guess., Each person in the team has to set a password that is hard to guess.
Zero trust assumes that threats could originating from both inside and outside the network.,Zero trust assumes that threats could originate from both inside and outside the network.,Zero trust assumes that threats could originate from both inside and outside the network .,Zero trust assumes that threats could originate from both inside and outside the network.,Zero trust assumes that threats could originate from both inside and outside the network.,Zero trust assumes that threats could originate from both inside and outside the network.
"Employees' confidence in management, grows when communication is open.",Employeesâ€™ confidence in management grows when communication is open.,Employees' confidence in management grows when communication is open .,"Employees' confidence in management, grows when communication is open.","Employees' confidence in management, grows when communication is open.",Employees' confidence in management grows when communication is open.
A clear guidelines on data protection helps prevent misuses of customer information.,Clear guidelines on data protection help prevent misuse of customer information.,A clear guidelines on data protection helps prevent misuse of customer information .,A clear guideline on data protection helps prevent the misuse of consumer information.,A clear understanding of data protection helps prevent the use of outdated information.,Clear guidelines on data protection help prevent misuse of customer information.
Trustworthiness is an important trait for success in business environment.,Trustworthiness is an important trait for success in a business environment.,Trustworthiness is an important trait for success in a business environment .,Trustworthiness is an important trait for success in business.,Tradition is an important thing for success in the business environment.,Trustworthiness is an important trait for success in a business environment.
"Developing a privacy program, involves collaboration across many departments.",Developing a privacy program involves collaboration across many departments.,Developing a privacy program involves collaboration across many departments .,Developing a privacy program involves collaboration across many departments.,"Developing a privacy program, involves collaboration across many departments.",Developing a privacy program involves collaboration across many departments.
Many smartphones has fingerprint scanners for authentication.,Many smartphones have fingerprint scanners for authentication.,Many smartphones have fingerprint scanners for authentication .,Many smartphones have fingerprint scanners for authentication.,Many of the smartphones have fingerprint scanners for authentication.,Many smartphones have fingerprint scanners for authentication.
Each vulnerabilities identified in the test are carefully analyzed.,Each vulnerability identified in the test is carefully analyzed.,Each vulnerability identified in the test is carefully analyzed .,Each vulnerability found in the test is carefully analyzed.,Each of the vulnerabilities identified in the test is carefully analyzed.,Each vulnerability identified in the test is carefully analyzed.
Companies should perform penetration testing regularly to ensure security.,Companies should perform penetration testing regularly to ensure security.,Companies should perform penetration testing regularly to ensure security .,Companies should perform regular penetration testing to ensure security.,Companies should perform extra testing to ensure security.,Companies should perform penetration testing regularly to ensure security.
Monitoring system for unusual activity can detect brute force attack.,Monitoring system for unusual activity can detect a brute force attack.,Monitoring system for unusual activity can detect brute force attacks .,Monitoring system for unusual activity can detect brute force attack.,Monitoring systems for unusual activity can detect random mutations.,Monitoring systems for unusual activity can detect brute force attacks.
They had thought that passwords were enough but now realizes the importance of multi-factor authentication.,They had thought that passwords were enough but now realize the importance of multi-factor authentication.,They had thought that passwords were enough but now realize the importance of multi-factor authentication .,"They had thought that passwords were enough, but now they realize the importance of multi-factor authentication.","They had thought that passwords were enough, but now they realize the importance of multi-factor authentication.",They had thought that passwords were enough but now realize the importance of multi-factor authentication.
Personal Identity Verification cards for federal employees is a requirement.,Federal employees are required to have Personal Identity Verification cards.,Personal Identity Verification cards for federal employees is a requirement .,Personal Identity Verification cards for federal employees is a requirement.,Personal identification as required by law is a requirement.,Personal Identity Verification cards for federal employees are a requirement.
They had focused on balancing security with computational overhead.,They focused on balancing security with computational overhead.,They had focused on balancing security with computational overhead .,They have concentrated on balancing security with computational overhead.,They had focus on balancing security with computational overhead.,They had focused on balancing security with computational overhead.
Phishing attacks is a common type of social engineering.,Phishing attacks are a common type of social engineering.,Phishing attacks are a common type of social engineering .,Fishing is a common type of social engineering.,Phishing is a common type of social engineering.,Phishing attacks are a common type of social engineering.
"When keys has been compromised, they must be revoke to secure the system.","When keys have been compromised, they must be revoked to secure the system.","When keys have been compromised, they must be revoked to secure the system .","When a key has been compromised, it must be revoked to secure the system.","When the keys have been tampered with, they must be replaced manually.","When keys have been compromised, they must be revoked to secure the system."
Privacy engineering it require a thorough understanding of both technology and the law.,Privacy engineering requires a thorough understanding of both technology and the law.,Privacy engineering requires a thorough understanding of both technology and the law .,Engineering privacy requires a thorough understanding of both technology and the law.,Engineering and construction require a thorough understanding of both technology and the law.,Privacy engineering requires a thorough understanding of both technology and the law.
Locking user accounts after several incorrect logins for preventing brute force attack.,Locking user accounts after several incorrect login attempts helps prevent brute force attacks.,Locking user accounts after several incorrect logins to prevent brute force attacks .,Locking user accounts after several incorrect logins for preventing brute force attack.,Locking user accounts after several incorrect logins for preventing brute force attack.,Locking user accounts after several incorrect logins helps prevent brute force attacks.
"A digital certificate is contains information about the key, identity, and digital signature.","A digital certificate contains information about the key, identity, and digital signature.","A digital certificate contains information about the key, identity, and digital signature .","A digital certificate contains information about the key, identity, and digital signature.","A digital computer contains information about the key, identity, and digital signature.","A digital certificate contains information about the key, its identity, and a digital signature."
A common method are to send out fake emails that look genuine.,A common method are to send out fake emails that look genuine.,A common method is to send out fake emails that look genuine .,A common method is to send out fake emails that look genuine.,A common method is to send out fake emails that look genuine.,A common method is to send out fake emails that look genuine.
"A zero-day exploit, by its nature, is unknown to software developers and until it is too late.","A zero-day exploit, by its nature, is unknown to software developers until it is too late.","A zero-day exploit, by its nature, is unknown to software developers and until it is too late .","A zero-day exploit, by its nature, is unknown to software developers and until it is too late.","A zero-day exploit, by its nature, is unknown to software developers and it is too late.","A zero-day exploit, by its nature, is unknown to software developers until it is too late."
"The public WiFi often is not as secure, like a private network at home.",Public WiFi is often not as secure as a private network at home.,The public WiFi often is not as secure as a private network at home .,"The public wifi is often not secure, like a private network at home.","The public wifi is not as secure as a private computer, however.",Public WiFi often is not as secure as a private network at home.
Privacy engineering does a provision for user data protection in all product stages.,Privacy engineering does a provision for user data protection at all product stages.,Privacy engineering makes provision for user data protection in all product stages .,Privacy engineering does a provision for user data protection in all product stages.,Engineering does a great job of protecting data in all its stages.,Privacy engineering provides for user data protection in all product stages.
The company enforces the use for multi-factor authentication on all its services.,The company enforces the use of multi-factor authentication on all its services.,The company enforces the use of multi-factor authentication on all its services .,The company enforces the use of multi-factor authentication on all its services.,The company now uses the cloud for multi-factor authentication on all its services.,The company enforces the use of multi-factor authentication on all its services.
Encryption in cloud storage helps in prevent unauthorized access.,Encryption in cloud storage helps prevent unauthorized access.,Encryption in cloud storage helps prevent unauthorized access .,"In cloud storage, encryption helps prevent unauthorized access.",Enryption in cloud storage helps prevent unauthorized access.,Public WiFi dangers include things like data theft and hacking.
The manager consistently demonstrate reliability and honesty.,The manager consistently demonstrates reliability and honesty.,The manager consistently demonstrated reliability and honesty .,The manager must demonstrate consistent reliability and honesty.,The manager consistently demonstrates reliability and honesty.,Stronger passwords create difficulties for brute force attacks to be successful.
Each private key infrastructure have their own set of rules and procedures.,Each private key infrastructure has its own set of rules and procedures.,Each private key infrastructure has their own set of rules and procedures .,Each private key infrastructure has its own set of rules and procedures.,Each private company has its own set of rules and procedures.,Any new software installations on the network need to be approved by security staff.
Multi-factor authentications are more secure than single-factor.,Multi-factor authentication is more secure than single-factor.,Multi-factor authentications are more secure than single-factor authentications .,Multi-factor authentication is more secure than single-factor.,Multi-factor Authentication is more secure than single-factor authentication.,Hackers can easily set up malicious networks that appear to be legitimate.
There is an expectation that multi-factor authentication will become a norm.,There is an expectation that multi-factor authentication will become the norm.,There is an expectation that multi-factor authentication will become a norm .,There is an expectation that multi-factor authentication will become a norm.,There is an expectation that multi-factor authentication will become a norm.,Personal Identity Verification cards are compliant with federal standards.
Access management on cloud is a challenge due to the number of users.,Access management in the cloud is a challenge due to the number of users.,Access management on the cloud is a challenge due to the number of users .,Access management on the cloud is a challenge due to the number of users.,Access to a cloud is a challenge due to the large number of users.,Users should make their passwords complex to avoid brute force attacks.
Information systems security is critical for protecting data on the network.,Information systems security is critical for protection of data on the network.,Information systems security is critical for protecting data on the network .,Information systems security is critical for protecting data on the network.,Information security is critical for protecting the network.,Having updated antivirus software is one of the key components of information systems security.
Encourage employees are the IT department to use complex passwords.,The IT department encourages employees to use complex passwords.,Encourage employees in the IT department to use complex passwords .,Encourage employees in the IT department to use complex passwords.,Encourage employees in the IT department to use complex passwords.,Each person in the team has to set a password that is hard to guess.
The Personal Identity Verification process involves the verifies of an individual's identity.,The Personal Identity Verification process involves verifying an individual's identity.,The Personal Identity Verification process involves the verification of an individual's identity .,The Personal Identity Verification process involves the verification of an individual's identity.,The Personal Identity Verification process involves the identification of an individual's identity.,The Personal Identity Verification process involves the verification of an individual's identity.
Effective penetration testing involves an understanding of how threat actors works.,Effective penetration testing involves an understanding of how threat actors work.,Effective penetration testing involves an understanding of how the threat actors work .,Effective penetration testing involves an understanding of how the threat works.,Effective penetration testing involves an understanding of how the threat works.,Effective penetration testing involves understanding how threat actors work.
Accounts becomes vulnerable if brute force attack is not detected and mitigated.,Accounts become vulnerable if a brute force attack is not detected and mitigated.,Accounts become vulnerable if brute force attacks are not detected and mitigated .,Accounts become vulnerable if brute force attack is not detected and mitigated.,Accounts become more vulnerable if a random attack is not detected and investigated.,Accounts become vulnerable if brute force attacks are not detected and mitigated.
Encryption helps in protect data stored in the cloud from breaches.,Encryption helps protect data stored in the cloud from breaches.,Encryption helps in protecting data stored in the cloud from breaches .,encryption helps in protecting data stored in the cloud from breaches.,Encryption helps to protect data stored in the cloud from hackers.,Encryption helps protect data stored in the cloud from breaches.
"A new zero-day exploit has been found, it affects popular web browsers.",A new zero-day exploit has been found; it affects popular web browsers.,"A new zero-day exploit has been found , it affects popular web browsers .","A new zero-day exploit has been found, it affects popular web browsers.","A new zero-day exploit has been found, it affects popular web browsers.",A new zero-day exploit has been found that affects popular web browsers.
Cloud-based applications require different security considerations from traditional IT environments.,"Compared to traditional IT environments, cloud-based applications require different security considerations.",Cloud-based applications require different security considerations from traditional IT environments .,Cloud-based applications require different security considerations from traditional IT environments.,Cloud-based applications require different security considerations from the traditional environments.,Cloud-based applications require different security considerations than traditional IT environments.
The vulnerabilities were found by penetration testing in the software.,The vulnerabilities in the software were found through penetration testing.,The vulnerabilities were found by penetration testing in the software .,The vulnerabilities were found by performing penetration testing on the software.,The vulnerabilities were found by penetration testing in the software.,The vulnerabilities were found by penetration testers during testing of the software.
They had took steps to secure their systems recently.,They had taken steps to secure their systems recently.,They have taken steps to secure their systems recently .,They have taken steps to secure their systems recently.,They had to take steps to secure their systems.,They had taken steps to secure their systems recently.
"To reduce security risks, zero trust works to verify every access request.","To reduce security risks, zero trust works to verify every access request.","To reduce security risks, zero trust works to verify every access request .","To reduce security risks, zero trust works to verify every access request.","To reduce security risks, no one works to verify every request.","To reduce security risks, zero trust works to verify every access request."
Manufacturers was not previously including security by design in IoT products.,Manufacturers were not previously including security by design in IoT products.,Manufacturers did not previously include security by design in IoT products .,The manufacturers were not previously including security in their designs for IoT products.,The manufacturers were not previously including security by design in their products.,Manufacturers were not previously including security by design in IoT products.
Breach of the data privacy can have catastrophic effects on an organization's reputation.,Breach of data privacy can have catastrophic effects on an organization's reputation.,Breach of the data privacy can have catastrophic effects on an organization's reputation .,Data breaches can have catastrophic effects on an organization's reputation.,The lack of data protection can have catastrophic effects on an organization's reputation.,Breaches of data privacy can have catastrophic effects on an organization's reputation.
The cloud provider must have a transparency in their security practices.,The cloud provider must be transparent in their security practices.,The cloud provider must have transparency in their security practices .,The cloud provider must have a transparency in their security practices.,The cloud provider must have a good knowledge of their security practices.,The cloud provider must have transparency in its security practices.
"In the event of a breach, responsible teams follows a predetermined incident response plan.","In the event of a breach, responsible teams follow a predetermined incident response plan.","In the event of a breach, the responsible teams follow a predetermined incident response plan .","In the event of a breach, responsible teams follow a predetermined incident response plan.","In the event of a breach, responsible teams follow a predetermined response plan.","In the event of a breach, responsible teams follow a predetermined incident response plan."
"When conducting penetration testing: careful planning, is crucial.","When conducting penetration testing, careful planning is crucial.",When conducting penetration testing: careful planning is crucial .,"When conducting penetration testing, careful planning is crucial.","When conducting penetration testing, careful planning is crucial.","When conducting penetration testing, careful planning is crucial."
"Many online platforms require, multi-factor authentication for a good reason.",Many online platforms require multi-factor authentication for a good reason.,Many online platforms require multi-factor authentication for a good reason .,"Many online platforms require multi-factor authentication, for a good reason.","Many online platforms require multi-factor authentication, for a good reason.",Many online platforms require multi-factor authentication for a good reason.
Zero-day exploits is causing a myriad of problems for software developers.,Zero-day exploits are causing a myriad of problems for software developers.,Zero-day exploits are causing a myriad of problems for software developers .,Zero-day exploits are causing a myriad of problems for software developers.,Zero-day exploits are causing a myriad of problems for software developers.,Zero-day exploits are causing a myriad of problems for software developers.
"Penetration testers was using outdated methods, which resulted in ineffective tests.","Penetration testers were using outdated methods, which resulted in ineffective tests.","Penetration testers were using outdated methods, which resulted in ineffective tests .","Penetration tests were using outdated methods, which resulted in ineffective tests.","Penetration was using outdated methods, which resulted in ineffective tests.","Penetration testers were using outdated methods, which resulted in ineffective tests."
"Once the private key was entered, the document would have decrypted.","Once the private key is entered, the document will be decrypted.","Once the private key was entered, the document would have been decrypted .","Once the private key was entered, the document would have been decrypted.","Once the private key was entered, the document would have been decrypted.","Once the private key was entered, the document would have been decrypted."
The Personal Identity Verification process involves verifying a person's identity with rigorous checks.,The Personal Identity Verification process involves verifying a person's identity with rigorous checks.,The Personal Identity Verification process involves verifying a person's identity with rigorous checks .,The Personal Identity Verification process involves verifying a person's identity with rigorous checks.,The Personal Identity Verification process involves verifying a person's identity with rigorous background checks.,The Personal Identity Verification process involves verifying a person's identity with rigorous checks.
Penetration testing on cloud services requires understanding of the cloud provider's policies.,Penetration testing on cloud services requires an understanding of the cloud provider's policies.,Penetration testing on cloud services requires understanding of the cloud provider's policies .,Penetration testing on cloud services requires understanding of the cloud provider's policy.,Specification of cloud services requires understanding of the cloud provider's policies.,Penetration testing on cloud services requires an understanding of the cloud provider's policies.
"On discovering the zero-day exploit, immediate action was took.","Upon discovering the zero-day exploit, immediate action was taken.","On discovering the zero-day exploit, immediate action was taken .","On discovering the zero-day exploit, immediate action was taken.","On discovering the zero-day exploit, an immediate action was taken.","On discovering the zero-day exploit, immediate action was taken."
"Customers trust companies, that have clear and fair policies.",Customers trust companies that have clear and fair policies.,Customers trust companies that have clear and fair policies .,Customers trust companies that have clear and fair policies.,Customers trust companies that have clear and fair policies.,Customers trust companies that have clear and fair policies.
Security policies should be enforced across all areas in a cloud environment.,Security policies should be enforced across all areas in a cloud environment.,Security policies should be enforced across all areas in a cloud environment .,Security policies should be enforced across all areas in a cloud environment.,Security should be enforced across all areas in a cloud environment.,Security policies should be enforced across all areas of a cloud environment.
"Companies needs to be comply with data privacy standards in the past, present, and future.","Companies need to comply with data privacy standards in the past, present, and future.","Companies need to comply with data privacy standards in the past, present, and future .","Companies need to be compliant with data privacy standards in the past, present, and future.","Companies need to comply with data privacy laws in the past, present, and future.","Companies need to comply with data privacy standards in the past, present, and future."
Secure hashing provides a measure for data integrity and authentication.,Secure hashing provides a measure for data integrity and authentication.,Secure hashing provides a measure for data integrity and authentication .,Secure hashing provides a measure for data integrity and authentication.,Secure hashing provides a measure of data integrity and security.,Secure hashing provides a measure of data integrity and authentication.
Penetration testing it can be done manually or with the uses of automated tools.,Penetration testing can be done manually or with the use of automated tools.,Penetration testing can be done manually or with the use of automated tools .,Penetration testing can be done manually or with the use of automated tools.,Penetration testing can be done manually or with the use of automated tools.,Penetration testing can be done manually or with the use of automated tools.
Penetration testing help organizations to identify security gaps.,Penetration testing helps organizations identify security gaps.,Penetration testing helps organizations to identify security gaps .,Penetration testing helps organizations to discover security gaps.,Penetration testing helps organizations to identify common security gaps.,Penetration testing helps organizations identify security gaps.
The certificate authority had confirmed the signer's identity before issuing a certificate.,The certificate authority confirmed the signer's identity before issuing a certificate.,The certificate authority had confirmed the signer's identity before issuing a certificate .,The certificate authority had confirmed the signer's identity before issuing a certificate.,The authority had confirmed the speaker's identity before issuing a certificate.,The certificate authority had confirmed the signer's identity before issuing the certificate.
"To be seen as trustworthy, a person must acts with integrity at all times.","To be seen as trustworthy, a person must act with integrity at all times.","To be seen as trustworthy, a person must act with integrity at all times .","To be seen as trustworthy, a person must act with integrity at all times.","To be seen as a trustworthy person, a person must act with integrity and responsibility at all times.","To be seen as trustworthy, a person must act with integrity at all times."
Multi-Factor Authentication is a method for secure user's accounts.,Multi-Factor Authentication is a method for securing users' accounts.,Multi-Factor Authentication is a method for secure user's accounts .,Multi-Factor Authentication is a method for securing user's account.,Multi-Factor Authentication is a method for secure user's accounts.,Multi-Factor Authentication is a method for securing users' accounts.
Encrypts and decrypts of information is performed using private keys.,Encryption and decryption of information are performed using private keys.,Encrypting and decrypting of information is performed using private keys .,And encrypts and decrypts information using private keys.,Access to a list of information is performed using private keys.,Encryption and decryption of information are performed using private keys.
Always be suspicious of network that don't require passwords.,Always be suspicious of networks that don't require passwords.,Always be suspicious of networks that do not require passwords .,Always be suspicious of networks that don't require passwords.,Always be suspicious of networks that don't require passwords.,Always be suspicious of networks that don't require passwords.
He have shown his trustworthiness through his actions over the past year.,He has shown his trustworthiness through his actions over the past year.,He has shown his trustworthiness through his actions over the past year .,He has shown his trustworthiness through his actions over the past year.,He has shown his trustworthiness through his actions over the past year.,He has shown his trustworthiness through his actions over the past year.
Public key infrastructure is allowing users to exchange information securely.,Public key infrastructure allows users to exchange information securely.,Public key infrastructure is allowing users to exchange information securely .,Public key infrastructure is allowing users to exchange information securely.,The public use of public transportation is beneficial to everyone.,Public key infrastructure allows users to exchange information securely.
Intrusion detection systems was updated to detect new types of cyber threats.,Intrusion detection systems were updated to detect new types of cyber threats.,Intrusion detection systems were updated to detect new types of cyber threats .,Intrusion detection systems were updated to detect new types of cyber threats.,Intelligent detection systems were updated to detect new types of threats.,Intrusion detection systems were updated to detect new types of cyber threats.
Tools and methodologies from privacy engineering can ensure compliance for data protection laws.,Tools and methodologies from privacy engineering can ensure compliance with data protection laws.,Tools and methodologies from privacy engineering can ensure compliance for data protection laws .,Tools and methodologies from privacy engineering can ensure compliance with data protection laws.,And tools and techniques for advanced engineering can ensure compliance with data protection laws.,Tools and methodologies of privacy engineering can ensure compliance with data protection laws.
Cyber threats can be mitigating with proper cloud security measures.,Cyber threats can be mitigated with proper cloud security measures.,Cyber threats can be mitigated with proper cloud security measures .,Cyber threats can be mitigated with proper cloud security measures.,Cyber threats can be mitigated with proper security measures.,Cyber threats can be mitigated with proper cloud security measures.
The implementation of privacy controls is key to success of a project.,The implementation of privacy controls is key to the success of a project.,The implementation of privacy controls is key to the success of a project .,The implementation of privacy controls is key to the success of a project.,The implementation of privacy laws is key to the success of a project.,The implementation of privacy controls is key to the success of a project.
The IoT device is constantly sending and receiving datas.,The IoT device is constantly sending and receiving data.,The IoT device is constantly sending and receiving data .,The IoT devices are constantly sending and receiving data.,The IoT devices are constantly sending and receiving data.,The IoT device is constantly sending and receiving data.
Hackers impersonated company executives and have sent fraudulent wire transfer requests.,Hackers impersonated company executives and sent fraudulent wire transfer requests.,Hackers impersonated company executives and have sent fraudulent wire transfer requests .,hackers impersonated company executives and have sent fraudulent wire transfer requests.,Hackers impersonated company executives and sent them false information.,Hackers impersonated company executives and sent fraudulent wire transfer requests.
Transparency and the accountability are crucial for building trust in an organization.,Transparency and accountability are crucial for building trust in an organization.,Transparency and accountability are crucial for building trust in an organization .,Transparency and accountability are crucial for building trust in an organization.,The truthfulness and the accountability are crucial for building trust in an organization.,Transparency and accountability are crucial for building trust in an organization.
"When you login, you'll receive a text message, with a code.","When you log in, you'll receive a text message with a code.","When you login, you'll receive a text message with a code .","When you log in, you'll receive a text message, with a code.","When you login, you'll receive a text message, with a code.","When you log in, you'll receive a text message with a code."
Personal Identity Verification is a standard for the identification of federal employees and contractors.,Personal Identity Verification is a standard for the identification of federal employees and contractors.,Personal Identity Verification is a standard for the identification of federal employees and contractors .,Personal Identity Verification is a standard for the identification of federal employees and contractors.,Personal identification is a standard for the identification of federal employees and contractors.,Personal Identity Verification is a standard for the identification of federal employees and contractors.
Hackers make the brute force attack to get into systems.,Hackers use brute force attacks to gain access to systems.,Hackers use brute force attacks to get into systems .,Hackers make use of the brute force attack to get into systems.,Hackers make a brute force attack to get into systems.,Hackers use brute force attacks to get into systems.
Immediate action is required when zero-day exploit is detected.,Immediate action is required when a zero-day exploit is detected.,Immediate action is required when a zero-day exploit is detected .,Immediate action is required when a zero-day exploit is discovered.,Immediate action is required when a zero-day exploit is introduced.,Immediate action is required when a zero-day exploit is detected.
"IoT security, while complex, it's essential for safeguarding data and privacy.","IoT security, while complex, is essential for safeguarding data and privacy.",IoT security is complex but essential for safeguarding data and privacy .,"IoT security, while complex, is essential for protecting data and privacy.","IoT security, while complex, is essential for protecting data and protecting them.","IoT security, while complex, is essential for safeguarding data and privacy."
Encrypted communications ensures confidentiality of sensitive data.,Encrypted communications ensure the confidentiality of sensitive data.,Encrypted communications ensure the confidentiality of sensitive data .,Encrypted communications ensure the confidentiality of sensitive data.,En route communication ensures confidentiality of sensitive data.,Encrypted communications ensure confidentiality of sensitive data.
A new zero-day exploit has been discover and it affects several different operating systems.,"A new zero-day exploit has been discovered, and it affects several different operating systems.",A new zero-day exploit has been discovered and it affects several different operating systems .,A new zero-day exploit has been discovered and it affects several different operating systems.,A new zero-day exploit has been discovered and it affects several different operating systems.,"A new zero-day exploit has been discovered, and it affects several different operating systems."
The security team will be monitoring systems for any irregular activities that could indicates a zero-day exploit.,The security team will be monitoring systems for any irregular activities that could indicate a zero-day exploit.,The security team will be monitoring systems for any irregular activities that could indicate a zero-day exploit .,The security team will be monitoring the systems for any irregular activities that could indicate a zero-day exploit.,The security team will be monitoring the systems for any unusual activities that could indicate a zero-day exploit.,The security team will be monitoring systems for any irregular activity that could indicate a zero-day exploit.
The hashed passwords provides better security than the plain text ones.,Hashed passwords provide better security than plain text ones.,The hashed passwords provide better security than the plain text ones .,The hashed password provides better security than the plain text ones.,The broad knowledge provides better security than the plain text.,Hashed passwords provide better security than plain text ones.
"For being perceived as trustworthy, one must shows that they can be depended upon.","To be perceived as trustworthy, one must show that they can be depended upon.","For being perceived as trustworthy, one must show that they can be depended upon .","For being perceived as trustworthy, one must show that they can be depended upon.","For being perceived as trustworthy, one must show that they can be depended upon.","To be perceived as trustworthy, one must show that they can be depended upon."
One of the most common form of Multi-Factor Authentication is SMS codes.,One of the most common forms of Multi-Factor Authentication is SMS codes.,One of the most common forms of Multi-Factor Authentication is SMS codes .,One of the most common forms of multi-factor authentication is SMS codes.,One of the most common forms of Multi-Factor Authentication is the SMS.,One of the most common forms of Multi-Factor Authentication is SMS codes.
Each of the employees have their own secure login.,Each employee has their own secure login.,Each of the employees have their own secure login .,Each of the employees has their own secure login.,Each of the employees has his own secure login.,Each of the employees has their own secure login.
Cloud security service provides users with the tool they needs for protecting data.,Cloud security services provide users with the tools they need to protect data.,Cloud security service provides users with the tool they need for protecting data .,Cloud security service provides user with the tool they needs for protecting data.,Amazon provides cloud security with the tools they need for protecting data.,Cloud security services provide users with the tools they need for protecting data.
Be wary of WiFi that doesn't require the password.,Be wary of WiFi that doesn't require a password.,Be wary of WiFi that does not require a password .,Be wary of wifi that doesn't require the password.,Be careful of wifi that doesn't require the password.,Be wary of WiFi that doesn't require a password.
Networks under a zero trust policy does not inherently trust any user.,Networks under a zero-trust policy do not inherently trust any user.,Networks under a zero trust policy do not inherently trust any user .,Networks under a zero trust policy do not inherently trust any user.,Networks under a zero trust policy do not inherently trust any user.,Networks under a zero trust policy do not inherently trust any user.
It is difficult to find two different inputs that produce a same hash.,It is difficult to find two different inputs that produce the same hash.,It is difficult to find two different inputs that produce the same hash .,It is difficult to find two different inputs that produce the same hash.,It is difficult to find two different inputs that produce the same hash.,It is difficult to find two different inputs that produce the same hash.
She choosed a password that was too simple to guess.,She chose a password that was too simple to guess.,She chose a password that was too simple to guess .,She chose a password that was too simple to guess.,She chose a password that was too simple to guess.,She chose a password that was too simple to guess.
Public key infrastructure provides solution for secure electronic transactions.,Public key infrastructure provides a solution for secure electronic transactions.,Public key infrastructure provides solution for secure electronic transactions .,Public key infrastructure provides a solution for secure electronic transactions.,The public transportation system provides a solution for the transportation crisis.,Public key infrastructure provides solutions for secure electronic transactions.
The risk was underestimated by the firm and have led to a significant data breach.,The risk was underestimated by the firm and led to a significant data breach.,The risk was underestimated by the firm and has led to a significant data breach .,The risk was underestimated by the firm and had led to a significant data breach.,The risk was underestimated by the firm and could have led to a significant data breach.,The risk was underestimated by the firm and has led to a significant data breach.